,url,dj,date
0,https://spinitron.com//KDHX/pl/16451085/Sound-Salvation,Steve Pick,2022-09-23
1,https://spinitron.com//KDHX/pl/16424558/Sound-Salvation,Steve Pick,2022-09-16
2,https://spinitron.com//KDHX/pl/16398320/Sound-Salvation,Steve Pick,2022-09-09
3,https://spinitron.com//KDHX/pl/16372205/Sound-Salvation,Steve Pick,2022-09-02
4,https://spinitron.com//KDHX/pl/16346134/Sound-Salvation,Steve Pick,2022-08-26
5,https://spinitron.com//KDHX/pl/16320321/Sound-Salvation,Steve Pick,2022-08-19
6,https://spinitron.com//KDHX/pl/16294669/Sound-Salvation,Steve Pick,2022-08-12
7,https://spinitron.com//KDHX/pl/16269074/Sound-Salvation,Steve Pick,2022-08-05
8,https://spinitron.com//KDHX/pl/16243755/Sound-Salvation,Steve Pick,2022-07-29
9,https://spinitron.com//KDHX/pl/16218485/Sound-Salvation,Steve Pick,2022-07-22
10,https://spinitron.com//KDHX/pl/16193141/Sound-Salvation,Steve Pick,2022-07-15
11,https://spinitron.com//KDHX/pl/16167704/Sound-Salvation,Steve Pick,2022-07-08
12,https://spinitron.com//KDHX/pl/16142431/Sound-Salvation,Steve Pick,2022-07-01
13,https://spinitron.com//KDHX/pl/16116941/Sound-Salvation,Steve Pick,2022-06-24
14,https://spinitron.com//KDHX/pl/16091902/Sound-Salvation,Steve Pick,2022-06-17
15,https://spinitron.com//KDHX/pl/16066710/Sound-Salvation,Steve Pick,2022-06-10
16,https://spinitron.com//KDHX/pl/16041188/Sound-Salvation,Steve Pick,2022-06-03
17,https://spinitron.com//KDHX/pl/16015129/Sound-Salvation,Steve Pick,2022-05-27
18,https://spinitron.com//KDHX/pl/15989068/Sound-Salvation,Steve Pick,2022-05-20
19,https://spinitron.com//KDHX/pl/15963070/Sound-Salvation,Steve Pick,2022-05-13
20,https://spinitron.com//KDHX/pl/15937032/Sound-Salvation,Steve Pick,2022-05-06
21,https://spinitron.com//KDHX/pl/15910610/Sound-Salvation,Steve Pick,2022-04-29
22,https://spinitron.com//KDHX/pl/15884274/Sound-Salvation,Steve Pick,2022-04-22
23,https://spinitron.com//KDHX/pl/15832705/Sound-Salvation,Steve Pick,2022-04-15
24,https://spinitron.com//KDHX/pl/15773752/Sound-Salvation,Steve Pick,2022-04-08
25,https://spinitron.com//KDHX/pl/15715949/Sound-Salvation,Steve Pick,2022-04-01
26,https://spinitron.com//KDHX/pl/15658206/Sound-Salvation,Steve Pick,2022-03-25
27,https://spinitron.com//KDHX/pl/15600902/Sound-Salvation,Steve Pick,2022-03-18
28,https://spinitron.com//KDHX/pl/15543764/Sound-Salvation,Steve Pick,2022-03-11
29,https://spinitron.com//KDHX/pl/15487025/Sound-Salvation,Steve Pick,2022-03-04
30,https://spinitron.com//KDHX/pl/15428745/Sound-Salvation,Steve Pick,2022-02-25
31,https://spinitron.com//KDHX/pl/15370424/Sound-Salvation,Steve Pick,2022-02-18
32,https://spinitron.com//KDHX/pl/15311922/Sound-Salvation,Steve Pick,2022-02-11
33,https://spinitron.com//KDHX/pl/15196638/Sound-Salvation,Steve Pick,2022-01-28
34,https://spinitron.com//KDHX/pl/15139382/Sound-Salvation,Steve Pick,2022-01-21
35,https://spinitron.com//KDHX/pl/15082535/Sound-Salvation,Steve Pick,2022-01-14
36,https://spinitron.com//KDHX/pl/15025677/Sound-Salvation,Steve Pick,2022-01-07
37,https://spinitron.com//KDHX/pl/14969411/Sound-Salvation,Steve Pick,2021-12-31
38,https://spinitron.com//KDHX/pl/14914986/Sound-Salvation,Steve Pick,2021-12-24
39,https://spinitron.com//KDHX/pl/14858766/Sound-Salvation,Steve Pick,2021-12-17
40,https://spinitron.com//KDHX/pl/14802741/Sound-Salvation,Steve Pick,2021-12-10
41,https://spinitron.com//KDHX/pl/14745146/Sound-Salvation,Steve Pick,2021-12-03
42,https://spinitron.com//KDHX/pl/14688585/Sound-Salvation,Steve Pick,2021-11-26
43,https://spinitron.com//KDHX/pl/14632200/Sound-Salvation,Steve Pick,2021-11-19
44,https://spinitron.com//KDHX/pl/14574618/Sound-Salvation,Steve Pick,2021-11-12
45,https://spinitron.com//KDHX/pl/14516942/Sound-Salvation,Steve Pick,2021-11-05
46,https://spinitron.com//KDHX/pl/14460849/Sound-Salvation,Steve Pick,2021-10-29
47,https://spinitron.com//KDHX/pl/14405291/Sound-Salvation,Steve Pick,2021-10-22
48,https://spinitron.com//KDHX/pl/14349744/Sound-Salvation,Steve Pick,2021-10-15
49,https://spinitron.com//KDHX/pl/14295500/Sound-Salvation,Steve Pick,2021-10-08
50,https://spinitron.com//KDHX/pl/14241575/Sound-Salvation,Steve Pick,2021-10-01
51,https://spinitron.com//KDHX/pl/14188317/Sound-Salvation,Steve Pick,2021-09-24
52,https://spinitron.com//KDHX/pl/14135859/Sound-Salvation,Steve Pick,2021-09-17
53,https://spinitron.com//KDHX/pl/14083979/Sound-Salvation,Steve Pick,2021-09-10
54,https://spinitron.com//KDHX/pl/14033012/Sound-Salvation,Steve Pick,2021-09-03
55,https://spinitron.com//KDHX/pl/13982759/Sound-Salvation,Steve Pick,2021-08-27
56,https://spinitron.com//KDHX/pl/13932755/Sound-Salvation,Steve Pick,2021-08-20
57,https://spinitron.com//KDHX/pl/13883528/Sound-Salvation,Steve Pick,2021-08-13
58,https://spinitron.com//KDHX/pl/13834635/Sound-Salvation,Steve Pick,2021-08-06
59,https://spinitron.com//KDHX/pl/13784507/Sound-Salvation,Steve Pick,2021-07-30
60,https://spinitron.com//KDHX/pl/13735863/Sound-Salvation,Steve Pick,2021-07-23
61,https://spinitron.com//KDHX/pl/13687163/Sound-Salvation,Steve Pick,2021-07-16
62,https://spinitron.com//KDHX/pl/13637910/Sound-Salvation,Steve Pick,2021-07-09
63,https://spinitron.com//KDHX/pl/13589600/Sound-Salvation,Steve Pick,2021-07-02
64,https://spinitron.com//KDHX/pl/13540355/Sound-Salvation,Steve Pick,2021-06-25
65,https://spinitron.com//KDHX/pl/13490928/Sound-Salvation,Steve Pick,2021-06-18
66,https://spinitron.com//KDHX/pl/13442555/Sound-Salvation,Steve Pick,2021-06-11
67,https://spinitron.com//KDHX/pl/13394568/Sound-Salvation,Steve Pick,2021-06-04
68,https://spinitron.com//KDHX/pl/13347314/Sound-Salvation,Steve Pick,2021-05-28
69,https://spinitron.com//KDHX/pl/13299843/Sound-Salvation,Steve Pick,2021-05-21
70,https://spinitron.com//KDHX/pl/13251648/Sound-Salvation,Steve Pick,2021-05-14
71,https://spinitron.com//KDHX/pl/13200409/Sound-Salvation,Steve Pick,2021-05-07
72,https://spinitron.com//KDHX/pl/13148363/Sound-Salvation,Steve Pick,2021-04-30
73,https://spinitron.com//KDHX/pl/13099572/Sound-Salvation,Steve Pick,2021-04-23
74,https://spinitron.com//KDHX/pl/13051029/Sound-Salvation,Steve Pick,2021-04-16
75,https://spinitron.com//KDHX/pl/12990520/Sound-Salvation,Steve Pick,2021-04-09
76,https://spinitron.com//KDHX/pl/12941681/Sound-Salvation,Steve Pick,2021-04-02
77,https://spinitron.com//KDHX/pl/12866441/Sound-Salvation,Steve Pick,2021-03-26
78,https://spinitron.com//KDHX/pl/12817816/Sound-Salvation,Steve Pick,2021-03-19
79,https://spinitron.com//KDHX/pl/12761599/Sound-Salvation,Steve Pick,2021-03-12
80,https://spinitron.com//KDHX/pl/12722741/Sound-Salvation,Steve Pick,2021-03-05
81,https://spinitron.com//KDHX/pl/12675710/Sound-Salvation,Steve Pick,2021-02-26
82,https://spinitron.com//KDHX/pl/12627751/Sound-Salvation,Steve Pick,2021-02-19
83,https://spinitron.com//KDHX/pl/12582410/Sound-Salvation,Steve Pick,2021-02-12
84,https://spinitron.com//KDHX/pl/12536146/Sound-Salvation,Steve Pick,2021-02-05
85,https://spinitron.com//KDHX/pl/12488905/Sound-Salvation,Steve Pick,2021-01-29
86,https://spinitron.com//KDHX/pl/12442678/Sound-Salvation,Steve Pick,2021-01-22
87,https://spinitron.com//KDHX/pl/12402751/Sound-Salvation,Steve Pick,2021-01-15
88,https://spinitron.com//KDHX/pl/12349577/Sound-Salvation,Steve Pick,2021-01-08
89,https://spinitron.com//KDHX/pl/12303575/Sound-Salvation,Steve Pick,2021-01-01
90,https://spinitron.com//KDHX/pl/12258080/Sound-Salvation,Steve Pick,2020-12-25
91,https://spinitron.com//KDHX/pl/12212054/Sound-Salvation,Steve Pick,2020-12-18
92,https://spinitron.com//KDHX/pl/12165002/Sound-Salvation,Steve Pick,2020-12-11
93,https://spinitron.com//KDHX/pl/12119878/Sound-Salvation,Steve Pick,2020-12-04
94,https://spinitron.com//KDHX/pl/12075127/Sound-Salvation,Steve Pick,2020-11-27
95,https://spinitron.com//KDHX/pl/12029091/Sound-Salvation,Steve Pick,2020-11-20
96,https://spinitron.com//KDHX/pl/11983679/Sound-Salvation,Steve Pick,2020-11-13
97,https://spinitron.com//KDHX/pl/11939093/Sound-Salvation,Steve Pick,2020-11-06
98,https://spinitron.com//KDHX/pl/11894011/Sound-Salvation,Steve Pick,2020-10-30
99,https://spinitron.com//KDHX/pl/11849410/Sound-Salvation,Steve Pick,2020-10-23
100,https://spinitron.com//KDHX/pl/11804060/Sound-Salvation,Steve Pick,2020-10-16
101,https://spinitron.com//KDHX/pl/11772322/Sound-Salvation,Steve Pick,2020-10-09
102,https://spinitron.com//KDHX/pl/11721367/Sound-Salvation,Steve Pick,2020-10-02
103,https://spinitron.com//KDHX/pl/11676827/Sound-Salvation,Steve Pick,2020-09-25
104,https://spinitron.com//KDHX/pl/11633051/Sound-Salvation,Steve Pick,2020-09-18
105,https://spinitron.com//KDHX/pl/11584504/Sound-Salvation,Steve Pick,2020-09-11
106,https://spinitron.com//KDHX/pl/11541916/Sound-Salvation,Steve Pick,2020-09-04
107,https://spinitron.com//KDHX/pl/11499875/Sound-Salvation,Steve Pick,2020-08-28
108,https://spinitron.com//KDHX/pl/11458013/Sound-Salvation,Steve Pick,2020-08-21
109,https://spinitron.com//KDHX/pl/11415946/Sound-Salvation,Steve Pick,2020-08-14
110,https://spinitron.com//KDHX/pl/11373671/Sound-Salvation,Steve Pick,2020-08-07
111,https://spinitron.com//KDHX/pl/11330449/Sound-Salvation,Steve Pick,2020-07-31
112,https://spinitron.com//KDHX/pl/11287978/Sound-Salvation,Steve Pick,2020-07-24
113,https://spinitron.com//KDHX/pl/11244827/Sound-Salvation,Steve Pick,2020-07-17
114,https://spinitron.com//KDHX/pl/11202529/Sound-Salvation,Steve Pick,2020-07-10
115,https://spinitron.com//KDHX/pl/11158790/Sound-Salvation,Steve Pick,2020-07-03
116,https://spinitron.com//KDHX/pl/11116427/Sound-Salvation,Steve Pick,2020-06-26
117,https://spinitron.com//KDHX/pl/11074028/Sound-Salvation,Steve Pick,2020-06-19
118,https://spinitron.com//KDHX/pl/11030816/Sound-Salvation,Steve Pick,2020-06-12
119,https://spinitron.com//KDHX/pl/10990563/Sound-Salvation,Steve Pick,2020-06-05
120,https://spinitron.com//KDHX/pl/10949402/Sound-Salvation,Steve Pick,2020-05-29
121,https://spinitron.com//KDHX/pl/10908596/Sound-Salvation,Steve Pick,2020-05-22
122,https://spinitron.com//KDHX/pl/10867434/Sound-Salvation,Steve Pick,2020-05-15
123,https://spinitron.com//KDHX/pl/10831709/Sound-Salvation,Steve Pick,2020-05-08
124,https://spinitron.com//KDHX/pl/10784466/Sound-Salvation,Steve Pick,2020-05-01
125,https://spinitron.com//KDHX/pl/10747626/Sound-Salvation,Steve Pick,2020-04-24
126,https://spinitron.com//KDHX/pl/10706244/Sound-Salvation,Steve Pick,2020-04-17
127,https://spinitron.com//KDHX/pl/10664901/Sound-Salvation,Steve Pick,2020-04-10
128,https://spinitron.com//KDHX/pl/10635659/Sound-Salvation,Steve Pick,2020-04-03
129,https://spinitron.com//KDHX/pl/10595003/Sound-Salvation,Steve Pick,2020-03-27
130,https://spinitron.com//KDHX/pl/10558692/Sound-Salvation,Steve Pick,2020-03-20
131,https://spinitron.com//KDHX/pl/10516707/Sound-Salvation,Steve Pick,2020-03-13
132,https://spinitron.com//KDHX/pl/10472669/Sound-Salvation,Steve Pick,2020-03-06
133,https://spinitron.com//KDHX/pl/10427352/Sound-Salvation,Steve Pick,2020-02-28
134,https://spinitron.com//KDHX/pl/10382354/Sound-Salvation,Steve Pick,2020-02-21
135,https://spinitron.com//KDHX/pl/10337730/Sound-Salvation,Steve Pick,2020-02-14
136,https://spinitron.com//KDHX/pl/10293179/Sound-Salvation,Steve Pick,2020-02-07
137,https://spinitron.com//KDHX/pl/10249463/Sound-Salvation,Steve Pick,2020-01-31
138,https://spinitron.com//KDHX/pl/10206593/Sound-Salvation,Steve Pick,2020-01-24
139,https://spinitron.com//KDHX/pl/10165225/Sound-Salvation,Steve Pick,2020-01-17
140,https://spinitron.com//KDHX/pl/10124264/Sound-Salvation,Steve Pick,2020-01-10
141,https://spinitron.com//KDHX/pl/10084336/Sound-Salvation,Steve Pick,2020-01-03
142,https://spinitron.com//KDHX/pl/10044587/Sound-Salvation,Keith Dudding,2019-12-27
143,https://spinitron.com//KDHX/pl/10005157/Sound-Salvation,Steve Pick,2019-12-20
144,https://spinitron.com//KDHX/pl/9964040/Sound-Salvation,Steve Pick,2019-12-13
145,https://spinitron.com//KDHX/pl/9922174/Sound-Salvation,Steve Pick,2019-12-06
146,https://spinitron.com//KDHX/pl/9880450/Sound-Salvation,Steve Pick,2019-11-29
147,https://spinitron.com//KDHX/pl/9839648/Sound-Salvation,Steve Pick,2019-11-22
148,https://spinitron.com//KDHX/pl/9797155/Sound-Salvation,Steve Pick,2019-11-15
149,https://spinitron.com//KDHX/pl/9755015/Sound-Salvation,Steve Pick,2019-11-08
150,https://spinitron.com//KDHX/pl/9713452/Sound-Salvation,Steve Pick,2019-11-01
151,https://spinitron.com//KDHX/pl/9672187/Sound-Salvation,Steve Pick,2019-10-25
152,https://spinitron.com//KDHX/pl/9630836/Sound-Salvation,Steve Pick,2019-10-18
153,https://spinitron.com//KDHX/pl/9584651/Sound-Salvation,Steve Pick,2019-10-11
154,https://spinitron.com//KDHX/pl/9538903/Sound-Salvation,Steve Pick,2019-10-04
155,https://spinitron.com//KDHX/pl/9498265/Sound-Salvation,Steve Pick,2019-09-27
156,https://spinitron.com//KDHX/pl/9458905/Sound-Salvation,Caron,2019-09-20
157,https://spinitron.com//KDHX/pl/9420719/Sound-Salvation,Steve Pick,2019-09-13
158,https://spinitron.com//KDHX/pl/9384377/Sound-Salvation,Steve Pick,2019-09-06
159,https://spinitron.com//KDHX/pl/9348929/Sound-Salvation,Steve Pick,2019-08-30
160,https://spinitron.com//KDHX/pl/9313105/Sound-Salvation,Steve Pick,2019-08-23
161,https://spinitron.com//KDHX/pl/9277202/Sound-Salvation,Steve Pick,2019-08-16
162,https://spinitron.com//KDHX/pl/9241835/Sound-Salvation,Steve Pick,2019-08-09
163,https://spinitron.com//KDHX/pl/9207064/Sound-Salvation,Steve Pick,2019-08-02
164,https://spinitron.com//KDHX/pl/9171527/Sound-Salvation,Steve Pick,2019-07-26
165,https://spinitron.com//KDHX/pl/9136208/Sound-Salvation,Steve Pick,2019-07-19
166,https://spinitron.com//KDHX/pl/9101708/Sound-Salvation,Steve Pick,2019-07-12
167,https://spinitron.com//KDHX/pl/9066785/Sound-Salvation,Steve Pick,2019-07-05
168,https://spinitron.com//KDHX/pl/8979154/Sound-Salvation,Steve Pick,2019-06-28
169,https://spinitron.com//KDHX/pl/8943044/Sound-Salvation,Steve Pick,2019-06-21
170,https://spinitron.com//KDHX/pl/8908132/Sound-Salvation,Steve Pick,2019-06-14
171,https://spinitron.com//KDHX/pl/8873887/Sound-Salvation,Steve Pick,2019-06-07
172,https://spinitron.com//KDHX/pl/8838983/Sound-Salvation,Steve Pick,2019-05-31
173,https://spinitron.com//KDHX/pl/8712707/Sound-Salvation,Steve Pick,2019-05-24
174,https://spinitron.com//KDHX/pl/8620775/Sound-Salvation,Steve Pick,2019-05-17
175,https://spinitron.com//KDHX/pl/8438293/Sound-Salvation,Steve Pick,2019-05-10
176,https://spinitron.com//KDHX/pl/8298700/Sound-Salvation,Steve Pick,2019-05-03
177,https://spinitron.com//KDHX/pl/8111771/Sound-Salvation,Steve Pick,2019-04-26
178,https://spinitron.com//KDHX/pl/7988890/Sound-Salvation,Steve Pick,2019-04-19
179,https://spinitron.com//KDHX/pl/7527505/Sound-Salvation,Steve Pick,2019-04-12
180,https://spinitron.com//KDHX/pl/7435870/Sound-Salvation,Steve Pick,2019-04-05
181,https://spinitron.com//KDHX/pl/6886753/Sound-Salvation,bobEE Sweet,2019-03-29
182,https://spinitron.com//KDHX/pl/5939387/Sound-Salvation,Steve Pick,2019-03-22
183,https://spinitron.com//KDHX/pl/5643884/Sound-Salvation,Steve Pick,2019-03-15
184,https://spinitron.com//KDHX/pl/5554618/Sound-Salvation,Steve Pick,2019-03-08
185,https://spinitron.com//KDHX/pl/5308509/Sound-Salvation,Steve Pick,2019-03-01
186,https://spinitron.com//KDHX/pl/5308722/Sound-Salvation,Steve Pick,2019-02-22
187,https://spinitron.com//KDHX/pl/5308950/Sound-Salvation,Steve Pick,2019-02-15
188,https://spinitron.com//KDHX/pl/5309184/Sound-Salvation,Steve Pick,2019-02-08
189,https://spinitron.com//KDHX/pl/5309424/Sound-Salvation,Steve Pick,2019-02-01
190,https://spinitron.com//KDHX/pl/5309643/Sound-Salvation,Steve Pick,2019-01-25
191,https://spinitron.com//KDHX/pl/5309889/Sound-Salvation,Steve Pick,2019-01-18
192,https://spinitron.com//KDHX/pl/5310105/Sound-Salvation,Steve Pick,2019-01-11
193,https://spinitron.com//KDHX/pl/5310327/Sound-Salvation,Steve Pick,2019-01-04
194,https://spinitron.com//KDHX/pl/5310522/Sound-Salvation,Steve Pick,2018-12-28
195,https://spinitron.com//KDHX/pl/5310729/Sound-Salvation,Steve Pick,2018-12-21
196,https://spinitron.com//KDHX/pl/5310978/Sound-Salvation,Steve Pick,2018-12-14
197,https://spinitron.com//KDHX/pl/5311236/Sound-Salvation,Steve Pick,2018-12-07
198,https://spinitron.com//KDHX/pl/5311455/Sound-Salvation,Steve Pick,2018-11-30
199,https://spinitron.com//KDHX/pl/5311677/Sound-Salvation,Steve Pick,2018-11-23
200,https://spinitron.com//KDHX/pl/5311884/Sound-Salvation,Steve Pick,2018-11-16
201,https://spinitron.com//KDHX/pl/5312112/Sound-Salvation,Steve Pick,2018-11-09
202,https://spinitron.com//KDHX/pl/5312334/Sound-Salvation,Steve Pick,2018-11-02
203,https://spinitron.com//KDHX/pl/5312556/Sound-Salvation,Steve Pick,2018-10-26
204,https://spinitron.com//KDHX/pl/5312766/Sound-Salvation,Steve Pick,2018-10-19
205,https://spinitron.com//KDHX/pl/5312982/Sound-Salvation,Steve Pick,2018-10-12
206,https://spinitron.com//KDHX/pl/5313219/Sound-Salvation,Steve Pick,2018-10-05
207,https://spinitron.com//KDHX/pl/5313450/Sound-Salvation,Steve Pick,2018-09-28
208,https://spinitron.com//KDHX/pl/5313663/Sound-Salvation,Steve Pick,2018-09-21
209,https://spinitron.com//KDHX/pl/5313888/Sound-Salvation,Steve Pick,2018-09-14
210,https://spinitron.com//KDHX/pl/5314110/Sound-Salvation,Steve Pick,2018-09-07
211,https://spinitron.com//KDHX/pl/5314344/Sound-Salvation,Steve Pick,2018-08-31
212,https://spinitron.com//KDHX/pl/5314551/Sound-Salvation,Steve Pick,2018-08-24
213,https://spinitron.com//KDHX/pl/5314767/Sound-Salvation,Steve Pick,2018-08-17
214,https://spinitron.com//KDHX/pl/5314998/Sound-Salvation,Steve Pick,2018-08-10
215,https://spinitron.com//KDHX/pl/5315238/Sound-Salvation,Steve Pick,2018-08-03
216,https://spinitron.com//KDHX/pl/5315460/Sound-Salvation,Steve Pick,2018-07-27
217,https://spinitron.com//KDHX/pl/5315694/Sound-Salvation,Steve Pick,2018-07-20
218,https://spinitron.com//KDHX/pl/5315931/Sound-Salvation,Steve Pick,2018-07-13
219,https://spinitron.com//KDHX/pl/5316180/Sound-Salvation,Steve Pick,2018-07-06
220,https://spinitron.com//KDHX/pl/5316402/Sound-Salvation,Steve Pick,2018-06-29
221,https://spinitron.com//KDHX/pl/5316627/Sound-Salvation,Steve Pick,2018-06-22
222,https://spinitron.com//KDHX/pl/5316864/Sound-Salvation,Steve Pick,2018-06-15
223,https://spinitron.com//KDHX/pl/5317080/Sound-Salvation,Steve Pick,2018-06-08
224,https://spinitron.com//KDHX/pl/5317308/Sound-Salvation,Steve Pick,2018-06-01
225,https://spinitron.com//KDHX/pl/5317521/Sound-Salvation,Steve Pick,2018-05-25
226,https://spinitron.com//KDHX/pl/5317731/Sound-Salvation,Steve Pick,2018-05-18
227,https://spinitron.com//KDHX/pl/5317938/Sound-Salvation,Steve Pick,2018-05-11
228,https://spinitron.com//KDHX/pl/5318178/Sound-Salvation,Steve Pick,2018-05-04
229,https://spinitron.com//KDHX/pl/5318406/Sound-Salvation,Steve Pick,2018-04-27
230,https://spinitron.com//KDHX/pl/5318625/Sound-Salvation,Steve Pick,2018-04-20
231,https://spinitron.com//KDHX/pl/5318850/Sound-Salvation,Steve Pick,2018-04-13
232,https://spinitron.com//KDHX/pl/5319093/Sound-Salvation,Steve Pick,2018-04-06
233,https://spinitron.com//KDHX/pl/5319327/Sound-Salvation,Steve Pick,2018-03-30
234,https://spinitron.com//KDHX/pl/5319558/Sound-Salvation,Steve Pick,2018-03-23
235,https://spinitron.com//KDHX/pl/5319795/Sound-Salvation,Steve Pick,2018-03-16
236,https://spinitron.com//KDHX/pl/5320029/Sound-Salvation,Steve Pick,2018-03-09
237,https://spinitron.com//KDHX/pl/5320248/Sound-Salvation,Steve Pick,2018-03-02
238,https://spinitron.com//KDHX/pl/5320455/Sound-Salvation,Steve Pick,2018-02-23
239,https://spinitron.com//KDHX/pl/5320689/Sound-Salvation,Steve Pick,2018-02-16
240,https://spinitron.com//KDHX/pl/5320920/Sound-Salvation,Steve Pick,2018-02-09
241,https://spinitron.com//KDHX/pl/5321157/Sound-Salvation,Steve Pick,2018-02-02
242,https://spinitron.com//KDHX/pl/5321382/Sound-Salvation,Steve Pick,2018-01-26
243,https://spinitron.com//KDHX/pl/5321610/Sound-Salvation,Steve Pick,2018-01-19
244,https://spinitron.com//KDHX/pl/5321829/Sound-Salvation,Steve Pick,2018-01-12
245,https://spinitron.com//KDHX/pl/5322063/Sound-Salvation,Steve Pick,2018-01-05
246,https://spinitron.com//KDHX/pl/5322291/Sound-Salvation,Steve Pick,2017-12-29
247,https://spinitron.com//KDHX/pl/5322483/Sound-Salvation,Steve Pick,2017-12-22
248,https://spinitron.com//KDHX/pl/5322732/Sound-Salvation,Steve Pick,2017-12-15
249,https://spinitron.com//KDHX/pl/5322981/Sound-Salvation,Steve Pick,2017-12-08
250,https://spinitron.com//KDHX/pl/5323206/Sound-Salvation,Steve Pick,2017-12-01
251,https://spinitron.com//KDHX/pl/5323443/Sound-Salvation,Steve Pick,2017-11-24
252,https://spinitron.com//KDHX/pl/5323677/Sound-Salvation,Steve Pick,2017-11-17
253,https://spinitron.com//KDHX/pl/5323905/Sound-Salvation,Steve Pick,2017-11-10
254,https://spinitron.com//KDHX/pl/5324139/Sound-Salvation,Steve Pick,2017-11-03
255,https://spinitron.com//KDHX/pl/5324367/Sound-Salvation,Steve Pick,2017-10-27
256,https://spinitron.com//KDHX/pl/5324607/Sound-Salvation,Steve Pick,2017-10-20
257,https://spinitron.com//KDHX/pl/5324820/Sound-Salvation,Steve Pick,2017-10-13
258,https://spinitron.com//KDHX/pl/5325054/Sound-Salvation,Steve Pick,2017-10-06
259,https://spinitron.com//KDHX/pl/5325285/Sound-Salvation,Steve Pick,2017-09-29
260,https://spinitron.com//KDHX/pl/5325513/Sound-Salvation,Steve Pick,2017-09-22
261,https://spinitron.com//KDHX/pl/5325756/Sound-Salvation,Steve Pick,2017-09-15
262,https://spinitron.com//KDHX/pl/5325993/Sound-Salvation,Steve Pick,2017-09-08
263,https://spinitron.com//KDHX/pl/5326218/Sound-Salvation,Steve Pick,2017-09-01
264,https://spinitron.com//KDHX/pl/5326440/Sound-Salvation,Steve Pick,2017-08-25
265,https://spinitron.com//KDHX/pl/5326635/Sound-Salvation,Steve Pick,2017-08-18
266,https://spinitron.com//KDHX/pl/5326851/Sound-Salvation,Steve Pick,2017-08-11
267,https://spinitron.com//KDHX/pl/5327079/Sound-Salvation,Steve Pick,2017-08-04
268,https://spinitron.com//KDHX/pl/5327313/Sound-Salvation,Steve Pick,2017-07-28
269,https://spinitron.com//KDHX/pl/5327550/Sound-Salvation,Steve Pick,2017-07-21
270,https://spinitron.com//KDHX/pl/5327772/Sound-Salvation,Steve Pick,2017-07-14
271,https://spinitron.com//KDHX/pl/5328003/Sound-Salvation,Steve Pick,2017-07-07
272,https://spinitron.com//KDHX/pl/5328234/Sound-Salvation,Steve Pick,2017-06-30
273,https://spinitron.com//KDHX/pl/5328471/Sound-Salvation,Steve Pick,2017-06-23
274,https://spinitron.com//KDHX/pl/5328690/Sound-Salvation,Steve Pick,2017-06-16
275,https://spinitron.com//KDHX/pl/5328933/Sound-Salvation,Steve Pick,2017-06-09
276,https://spinitron.com//KDHX/pl/5329155/Sound-Salvation,Steve Pick,2017-06-02
277,https://spinitron.com//KDHX/pl/5329374/Sound-Salvation,Steve Pick,2017-05-26
278,https://spinitron.com//KDHX/pl/5329608/Sound-Salvation,Steve Pick,2017-05-19
279,https://spinitron.com//KDHX/pl/5329833/Sound-Salvation,Steve Pick,2017-05-12
280,https://spinitron.com//KDHX/pl/5330046/Sound-Salvation,Steve Pick,2017-05-05
281,https://spinitron.com//KDHX/pl/5330262/Sound-Salvation,Steve Pick,2017-04-28
282,https://spinitron.com//KDHX/pl/5330496/Sound-Salvation,Steve Pick,2017-04-21
283,https://spinitron.com//KDHX/pl/5330745/Sound-Salvation,Steve Pick,2017-04-14
284,https://spinitron.com//KDHX/pl/5330958/Sound-Salvation,Steve Pick,2017-04-07
285,https://spinitron.com//KDHX/pl/5331198/Sound-Salvation,Steve Pick,2017-03-31
286,https://spinitron.com//KDHX/pl/5331426/Sound-Salvation,Steve Pick,2017-03-24
287,https://spinitron.com//KDHX/pl/5331648/Sound-Salvation,Steve Pick,2017-03-17
288,https://spinitron.com//KDHX/pl/5331870/Sound-Salvation,Steve Pick,2017-03-10
289,https://spinitron.com//KDHX/pl/5332113/Sound-Salvation,Steve Pick,2017-03-03
290,https://spinitron.com//KDHX/pl/5332335/Sound-Salvation,Steve Pick,2017-02-24
291,https://spinitron.com//KDHX/pl/5332563/Sound-Salvation,Steve Pick,2017-02-17
292,https://spinitron.com//KDHX/pl/5332782/Sound-Salvation,Steve Pick,2017-02-10
293,https://spinitron.com//KDHX/pl/5332986/Sound-Salvation,Steve Pick,2017-02-03
294,https://spinitron.com//KDHX/pl/5333208/Sound-Salvation,Steve Pick,2017-01-27
295,https://spinitron.com//KDHX/pl/5333445/Sound-Salvation,Steve Pick,2017-01-20
296,https://spinitron.com//KDHX/pl/5333664/Sound-Salvation,Steve Pick,2017-01-13
297,https://spinitron.com//KDHX/pl/5333892/Sound-Salvation,Steve Pick,2017-01-06
298,https://spinitron.com//KDHX/pl/5334120/Sound-Salvation,Steve Pick,2016-12-30
299,https://spinitron.com//KDHX/pl/5334357/Sound-Salvation,Steve Pick,2016-12-23
300,https://spinitron.com//KDHX/pl/5334585/Sound-Salvation,Steve Pick,2016-12-16
301,https://spinitron.com//KDHX/pl/5334813/Sound-Salvation,Steve Pick,2016-12-09
302,https://spinitron.com//KDHX/pl/5335038/Sound-Salvation,Steve Pick,2016-12-02
303,https://spinitron.com//KDHX/pl/5335269/Sound-Salvation,Steve Pick,2016-11-25
304,https://spinitron.com//KDHX/pl/5335506/Sound-Salvation,Steve Pick,2016-11-18
305,https://spinitron.com//KDHX/pl/5335737/Sound-Salvation,Steve Pick,2016-11-11
306,https://spinitron.com//KDHX/pl/5335977/Sound-Salvation,Steve Pick,2016-11-04
307,https://spinitron.com//KDHX/pl/5336193/Sound-Salvation,Steve Pick,2016-10-28
308,https://spinitron.com//KDHX/pl/5336439/Sound-Salvation,Steve Pick,2016-10-21
309,https://spinitron.com//KDHX/pl/5336652/Sound-Salvation,Steve Pick,2016-10-14
310,https://spinitron.com//KDHX/pl/5336895/Sound-Salvation,Steve Pick,2016-10-07
311,https://spinitron.com//KDHX/pl/5337117/Sound-Salvation,Steve Pick,2016-09-30
312,https://spinitron.com//KDHX/pl/5337354/Sound-Salvation,Steve Pick,2016-09-23
313,https://spinitron.com//KDHX/pl/5337570/Sound-Salvation,Steve Pick,2016-09-16
314,https://spinitron.com//KDHX/pl/5337807/Sound-Salvation,Steve Pick,2016-09-09
315,https://spinitron.com//KDHX/pl/5338032/Sound-Salvation,Steve Pick,2016-09-02
316,https://spinitron.com//KDHX/pl/5338239/Sound-Salvation,Steve Pick,2016-08-26
317,https://spinitron.com//KDHX/pl/5338428/Sound-Salvation,Steve Pick,2016-08-19
318,https://spinitron.com//KDHX/pl/5338662/Sound-Salvation,Steve Pick,2016-08-12
319,https://spinitron.com//KDHX/pl/5338905/Sound-Salvation,Steve Pick,2016-08-05
320,https://spinitron.com//KDHX/pl/5339121/Sound-Salvation,Steve Pick,2016-07-29
321,https://spinitron.com//KDHX/pl/5339358/Sound-Salvation,Steve Pick,2016-07-22
322,https://spinitron.com//KDHX/pl/5339583/Sound-Salvation,Steve Pick,2016-07-15
323,https://spinitron.com//KDHX/pl/5339814/Sound-Salvation,Steve Pick,2016-07-08
324,https://spinitron.com//KDHX/pl/5340042/Sound-Salvation,Steve Pick,2016-07-01
325,https://spinitron.com//KDHX/pl/5340276/Sound-Salvation,Steve Pick,2016-06-24
326,https://spinitron.com//KDHX/pl/5340492/Sound-Salvation,Steve Pick,2016-06-17
327,https://spinitron.com//KDHX/pl/5340726/Sound-Salvation,Steve Pick,2016-06-10
328,https://spinitron.com//KDHX/pl/5340963/Sound-Salvation,Steve Pick,2016-06-03
329,https://spinitron.com//KDHX/pl/5341179/Sound-Salvation,Steve Pick,2016-05-27
330,https://spinitron.com//KDHX/pl/5341407/Sound-Salvation,Steve Pick,2016-05-20
331,https://spinitron.com//KDHX/pl/5341623/Sound-Salvation,Steve Pick,2016-05-13
332,https://spinitron.com//KDHX/pl/5341824/Sound-Salvation,Steve Pick,2016-05-06
333,https://spinitron.com//KDHX/pl/5342055/Sound-Salvation,Steve Pick,2016-04-29
334,https://spinitron.com//KDHX/pl/5342271/Sound-Salvation,Steve Pick,2016-04-22
335,https://spinitron.com//KDHX/pl/5342508/Sound-Salvation,Steve Pick,2016-04-15
336,https://spinitron.com//KDHX/pl/5342730/Sound-Salvation,Steve Pick,2016-04-08
337,https://spinitron.com//KDHX/pl/5342970/Sound-Salvation,Steve Pick,2016-04-01
338,https://spinitron.com//KDHX/pl/5343171/Sound-Salvation,Steve Pick,2016-03-25
339,https://spinitron.com//KDHX/pl/5343405/Sound-Salvation,Steve Pick,2016-03-18
340,https://spinitron.com//KDHX/pl/5343624/Sound-Salvation,Steve Pick,2016-03-11
341,https://spinitron.com//KDHX/pl/5343858/Sound-Salvation,Steve Pick,2016-03-04
342,https://spinitron.com//KDHX/pl/5344086/Sound-Salvation,Steve Pick,2016-02-26
343,https://spinitron.com//KDHX/pl/5344299/Sound-Salvation,Steve Pick,2016-02-19
344,https://spinitron.com//KDHX/pl/5344509/Sound-Salvation,Steve Pick,2016-02-12
345,https://spinitron.com//KDHX/pl/5344722/Sound-Salvation,Steve Pick,2016-02-05
346,https://spinitron.com//KDHX/pl/5344950/Sound-Salvation,Steve Pick,2016-01-29
347,https://spinitron.com//KDHX/pl/5345169/Sound-Salvation,Steve Pick,2016-01-22
348,https://spinitron.com//KDHX/pl/5345403/Sound-Salvation,Steve Pick,2016-01-15
349,https://spinitron.com//KDHX/pl/5345631/Sound-Salvation,Steve Pick,2016-01-08
350,https://spinitron.com//KDHX/pl/5346057/Sound-Salvation,Steve Pick,2016-01-01
351,https://spinitron.com//KDHX/pl/5346093/Sound-Salvation,Steve Pick,2015-12-25
352,https://spinitron.com//KDHX/pl/5346339/Sound-Salvation,Steve Pick,2015-12-18
353,https://spinitron.com//KDHX/pl/5346552/Sound-Salvation,Steve Pick,2015-12-11
354,https://spinitron.com//KDHX/pl/5346801/Sound-Salvation,Steve Pick,2015-12-04
355,https://spinitron.com//KDHX/pl/5347038/Sound-Salvation,Steve Pick,2015-11-27
356,https://spinitron.com//KDHX/pl/5347251/Sound-Salvation,Steve Pick,2015-11-20
357,https://spinitron.com//KDHX/pl/5347482/Sound-Salvation,Steve Pick,2015-11-13
358,https://spinitron.com//KDHX/pl/5347716/Sound-Salvation,Steve Pick,2015-11-06
359,https://spinitron.com//KDHX/pl/5347953/Sound-Salvation,Steve Pick,2015-10-30
360,https://spinitron.com//KDHX/pl/5348184/Sound-Salvation,Steve Pick,2015-10-23
361,https://spinitron.com//KDHX/pl/5348415/Sound-Salvation,Steve Pick,2015-10-16
362,https://spinitron.com//KDHX/pl/5348631/Sound-Salvation,Steve Pick,2015-10-09
363,https://spinitron.com//KDHX/pl/5348856/Sound-Salvation,Steve Pick,2015-10-02
364,https://spinitron.com//KDHX/pl/5349075/Sound-Salvation,Steve Pick,2015-09-25
365,https://spinitron.com//KDHX/pl/5349297/Sound-Salvation,Steve Pick,2015-09-18
366,https://spinitron.com//KDHX/pl/5349522/Sound-Salvation,Steve Pick,2015-09-11
367,https://spinitron.com//KDHX/pl/5349744/Sound-Salvation,Steve Pick,2015-09-04
368,https://spinitron.com//KDHX/pl/5349954/Sound-Salvation,Steve Pick,2015-08-28
369,https://spinitron.com//KDHX/pl/5350131/Sound-Salvation,Steve Pick,2015-08-21
370,https://spinitron.com//KDHX/pl/5350362/Sound-Salvation,Steve Pick,2015-08-14
371,https://spinitron.com//KDHX/pl/5350566/Sound-Salvation,Steve Pick,2015-08-07
372,https://spinitron.com//KDHX/pl/5350785/Sound-Salvation,Steve Pick,2015-07-31
373,https://spinitron.com//KDHX/pl/5351013/Sound-Salvation,Steve Pick,2015-07-24
374,https://spinitron.com//KDHX/pl/5351226/Sound-Salvation,Steve Pick,2015-07-17
375,https://spinitron.com//KDHX/pl/5351454/Sound-Salvation,Steve Pick,2015-07-10
376,https://spinitron.com//KDHX/pl/5351700/Sound-Salvation,Steve Pick,2015-07-03
377,https://spinitron.com//KDHX/pl/5351943/Sound-Salvation,Steve Pick,2015-06-26
378,https://spinitron.com//KDHX/pl/5352165/Sound-Salvation,Steve Pick,2015-06-19
379,https://spinitron.com//KDHX/pl/5352372/Sound-Salvation,Steve Pick,2015-06-12
380,https://spinitron.com//KDHX/pl/5352576/Sound-Salvation,Steve Pick,2015-06-05
381,https://spinitron.com//KDHX/pl/5352813/Sound-Salvation,Steve Pick,2015-05-29
382,https://spinitron.com//KDHX/pl/5353047/Sound-Salvation,Steve Pick,2015-05-22
383,https://spinitron.com//KDHX/pl/5353287/Sound-Salvation,Steve Pick,2015-05-15
384,https://spinitron.com//KDHX/pl/5353524/Sound-Salvation,Steve Pick,2015-05-08
385,https://spinitron.com//KDHX/pl/5353749/Sound-Salvation,Steve Pick,2015-05-01
386,https://spinitron.com//KDHX/pl/5353977/Sound-Salvation,Steve Pick,2015-04-24
387,https://spinitron.com//KDHX/pl/5354205/Sound-Salvation,Steve Pick,2015-04-17
388,https://spinitron.com//KDHX/pl/5354433/Sound-Salvation,Steve Pick,2015-04-10
389,https://spinitron.com//KDHX/pl/5354652/Sound-Salvation,Steve Pick,2015-04-03
390,https://spinitron.com//KDHX/pl/5354901/Sound-Salvation,Steve Pick,2015-03-27
391,https://spinitron.com//KDHX/pl/5355135/Sound-Salvation,Steve Pick,2015-03-20
392,https://spinitron.com//KDHX/pl/5355138/Sound-Salvation,Steve Pick,2015-03-20
393,https://spinitron.com//KDHX/pl/5355345/Sound-Salvation,Steve Pick,2015-03-13
394,https://spinitron.com//KDHX/pl/5355570/Sound-Salvation,Steve Pick,2015-03-06
395,https://spinitron.com//KDHX/pl/5355804/Sound-Salvation,Steve Pick,2015-02-27
396,https://spinitron.com//KDHX/pl/5356035/Sound-Salvation,Steve Pick,2015-02-20
397,https://spinitron.com//KDHX/pl/5356266/Sound-Salvation,Steve Pick,2015-02-13
398,https://spinitron.com//KDHX/pl/5356500/Sound-Salvation,Steve Pick,2015-02-06
399,https://spinitron.com//KDHX/pl/5356728/Sound-Salvation,Steve Pick,2015-01-30
400,https://spinitron.com//KDHX/pl/5356965/Sound-Salvation,Steve Pick,2015-01-23
401,https://spinitron.com//KDHX/pl/5357187/Sound-Salvation,Steve Pick,2015-01-16
402,https://spinitron.com//KDHX/pl/5357424/Sound-Salvation,Steve Pick,2015-01-09
403,https://spinitron.com//KDHX/pl/5357652/Sound-Salvation,Steve Pick,2015-01-02
404,https://spinitron.com//KDHX/pl/5357871/Sound-Salvation,Steve Pick,2014-12-26
405,https://spinitron.com//KDHX/pl/5358096/Sound-Salvation,Steve Pick,2014-12-19
406,https://spinitron.com//KDHX/pl/5358333/Sound-Salvation,Steve Pick,2014-12-12
407,https://spinitron.com//KDHX/pl/5358567/Sound-Salvation,Steve Pick,2014-12-05
408,https://spinitron.com//KDHX/pl/5358798/Sound-Salvation,Steve Pick,2014-11-28
409,https://spinitron.com//KDHX/pl/5359026/Sound-Salvation,Keith Dudding,2014-11-21
410,https://spinitron.com//KDHX/pl/5359257/Sound-Salvation,Steve Pick,2014-11-14
411,https://spinitron.com//KDHX/pl/5359497/Sound-Salvation,Steve Pick,2014-11-07
412,https://spinitron.com//KDHX/pl/5359734/Sound-Salvation,Steve Pick,2014-10-31
413,https://spinitron.com//KDHX/pl/5359959/Sound-Salvation,Steve Pick,2014-10-24
414,https://spinitron.com//KDHX/pl/5360187/Sound-Salvation,Steve Pick,2014-10-17
415,https://spinitron.com//KDHX/pl/5360403/Sound-Salvation,Steve Pick,2014-10-10
416,https://spinitron.com//KDHX/pl/5360637/Sound-Salvation,Steve Pick,2014-10-03
417,https://spinitron.com//KDHX/pl/5360865/Sound-Salvation,Steve Pick,2014-09-26
418,https://spinitron.com//KDHX/pl/5361105/Sound-Salvation,Steve Pick,2014-09-19
419,https://spinitron.com//KDHX/pl/5361318/Sound-Salvation,Steve Pick,2014-09-12
420,https://spinitron.com//KDHX/pl/5361507/Sound-Salvation,Steve Pick,2014-09-05
421,https://spinitron.com//KDHX/pl/5361723/Sound-Salvation,Steve Pick,2014-08-29
422,https://spinitron.com//KDHX/pl/5361957/Sound-Salvation,Steve Pick,2014-08-22
423,https://spinitron.com//KDHX/pl/5362185/Sound-Salvation,Steve Pick,2014-08-15
424,https://spinitron.com//KDHX/pl/5362407/Sound-Salvation,Steve Pick,2014-08-08
425,https://spinitron.com//KDHX/pl/5362650/Sound-Salvation,Steve Pick,2014-08-01
426,https://spinitron.com//KDHX/pl/5362875/Sound-Salvation,Steve Pick,2014-07-25
427,https://spinitron.com//KDHX/pl/5363100/Sound-Salvation,Steve Pick,2014-07-18
428,https://spinitron.com//KDHX/pl/5363334/Sound-Salvation,Steve Pick,2014-07-11
429,https://spinitron.com//KDHX/pl/5363562/Sound-Salvation,Steve Pick,2014-07-04
430,https://spinitron.com//KDHX/pl/5363808/Sound-Salvation,Steve Pick,2014-06-27
431,https://spinitron.com//KDHX/pl/5364036/Sound-Salvation,Steve Pick,2014-06-20
432,https://spinitron.com//KDHX/pl/5364267/Sound-Salvation,Steve Pick,2014-06-13
433,https://spinitron.com//KDHX/pl/5364495/Sound-Salvation,Steve Pick,2014-06-06
434,https://spinitron.com//KDHX/pl/5364747/Sound-Salvation,Steve Pick,2014-05-30
435,https://spinitron.com//KDHX/pl/5364969/Sound-Salvation,Steve Pick,2014-05-23
436,https://spinitron.com//KDHX/pl/5365194/Sound-Salvation,Steve Pick,2014-05-16
437,https://spinitron.com//KDHX/pl/5365431/Sound-Salvation,Steve Pick,2014-05-09
438,https://spinitron.com//KDHX/pl/5365668/Sound-Salvation,Steve Pick,2014-05-02
439,https://spinitron.com//KDHX/pl/5365890/Sound-Salvation,Steve Pick,2014-04-25
440,https://spinitron.com//KDHX/pl/5366121/Sound-Salvation,Steve Pick,2014-04-18
441,https://spinitron.com//KDHX/pl/5366352/Sound-Salvation,Steve Pick,2014-04-11
442,https://spinitron.com//KDHX/pl/5366577/Sound-Salvation,Steve Pick,2014-04-04
443,https://spinitron.com//KDHX/pl/5366763/Sound-Salvation,Steve Pick,2014-03-28
444,https://spinitron.com//KDHX/pl/5366994/Sound-Salvation,Steve Pick,2014-03-21
445,https://spinitron.com//KDHX/pl/5367213/Sound-Salvation,Steve Pick,2014-03-14
446,https://spinitron.com//KDHX/pl/5367447/Sound-Salvation,Steve Pick,2014-03-07
447,https://spinitron.com//KDHX/pl/5367684/Sound-Salvation,Steve Pick,2014-02-28
448,https://spinitron.com//KDHX/pl/5367909/Sound-Salvation,Steve Pick,2014-02-21
449,https://spinitron.com//KDHX/pl/5368131/Sound-Salvation,Steve Pick,2014-02-14
450,https://spinitron.com//KDHX/pl/5368371/Sound-Salvation,Steve Pick,2014-02-07
451,https://spinitron.com//KDHX/pl/5368590/Sound-Salvation,Steve Pick,2014-01-31
452,https://spinitron.com//KDHX/pl/5368827/Sound-Salvation,Steve Pick,2014-01-24
453,https://spinitron.com//KDHX/pl/5369052/Sound-Salvation,Steve Pick,2014-01-17
454,https://spinitron.com//KDHX/pl/5369280/Sound-Salvation,Steve Pick,2014-01-10
455,https://spinitron.com//KDHX/pl/5369520/Sound-Salvation,Steve Pick,2014-01-03
456,https://spinitron.com//KDHX/pl/5369754/Sound-Salvation,Steve Pick,2013-12-27
457,https://spinitron.com//KDHX/pl/5369979/Sound-Salvation,Steve Pick,2013-12-20
458,https://spinitron.com//KDHX/pl/5370213/Sound-Salvation,Steve Pick,2013-12-13
459,https://spinitron.com//KDHX/pl/5370450/Sound-Salvation,Steve Pick,2013-12-06
460,https://spinitron.com//KDHX/pl/5370681/Sound-Salvation,Steve Pick,2013-11-29
461,https://spinitron.com//KDHX/pl/5370912/Sound-Salvation,Steve Pick,2013-11-22
462,https://spinitron.com//KDHX/pl/5371137/Sound-Salvation,Steve Pick,2013-11-15
463,https://spinitron.com//KDHX/pl/5371401/Sound-Salvation,Steve Pick,2013-11-08
464,https://spinitron.com//KDHX/pl/5371632/Sound-Salvation,Steve Pick,2013-11-01
465,https://spinitron.com//KDHX/pl/5371863/Sound-Salvation,Steve Pick,2013-10-25
466,https://spinitron.com//KDHX/pl/5372091/Sound-Salvation,Steve Pick,2013-10-18
467,https://spinitron.com//KDHX/pl/5372325/Sound-Salvation,Steve Pick,2013-10-11
468,https://spinitron.com//KDHX/pl/5372514/Sound-Salvation,Steve Pick,2013-10-04
469,https://spinitron.com//KDHX/pl/5372742/Sound-Salvation,Steve Pick,2013-09-27
470,https://spinitron.com//KDHX/pl/5372961/Sound-Salvation,Steve Pick,2013-09-20
471,https://spinitron.com//KDHX/pl/5373201/Sound-Salvation,Steve Pick,2013-09-13
472,https://spinitron.com//KDHX/pl/5373420/Sound-Salvation,Steve Pick,2013-09-06
473,https://spinitron.com//KDHX/pl/5373666/Sound-Salvation,Steve Pick,2013-08-30
474,https://spinitron.com//KDHX/pl/5373909/Sound-Salvation,Steve Pick,2013-08-23
475,https://spinitron.com//KDHX/pl/5374137/Sound-Salvation,Steve Pick,2013-08-16
476,https://spinitron.com//KDHX/pl/5374368/Sound-Salvation,Steve Pick,2013-08-09
477,https://spinitron.com//KDHX/pl/5374599/Sound-Salvation,Steve Pick,2013-08-02
478,https://spinitron.com//KDHX/pl/5374833/Sound-Salvation,Steve Pick,2013-07-26
479,https://spinitron.com//KDHX/pl/5375079/Sound-Salvation,Steve Pick,2013-07-19
480,https://spinitron.com//KDHX/pl/5375322/Sound-Salvation,Steve Pick,2013-07-12
481,https://spinitron.com//KDHX/pl/5375568/Sound-Salvation,Steve Pick,2013-07-05
482,https://spinitron.com//KDHX/pl/5375793/Sound-Salvation,Steve Pick,2013-06-28
483,https://spinitron.com//KDHX/pl/5376018/Sound-Salvation,Steve Pick,2013-06-21
484,https://spinitron.com//KDHX/pl/5376246/Sound-Salvation,Steve Pick,2013-06-14
485,https://spinitron.com//KDHX/pl/5376489/Sound-Salvation,Steve Pick,2013-06-07
486,https://spinitron.com//KDHX/pl/5376741/Sound-Salvation,Steve Pick,2013-05-31
487,https://spinitron.com//KDHX/pl/5376963/Sound-Salvation,Steve Pick,2013-05-24
488,https://spinitron.com//KDHX/pl/5377188/Sound-Salvation,Steve Pick,2013-05-17
489,https://spinitron.com//KDHX/pl/5377425/Sound-Salvation,Steve Pick,2013-05-10
490,https://spinitron.com//KDHX/pl/5377653/Sound-Salvation,Steve Pick,2013-05-03
491,https://spinitron.com//KDHX/pl/5377881/Sound-Salvation,Steve Pick,2013-04-26
492,https://spinitron.com//KDHX/pl/5378109/Sound-Salvation,Steve Pick,2013-04-19
493,https://spinitron.com//KDHX/pl/5378283/Sound-Salvation,Steve Pick,2013-04-12
494,https://spinitron.com//KDHX/pl/5378499/Sound-Salvation,Steve Pick,2013-04-05
495,https://spinitron.com//KDHX/pl/5378724/Sound-Salvation,Steve Pick,2013-03-29
496,https://spinitron.com//KDHX/pl/5378970/Sound-Salvation,Steve Pick,2013-03-22
497,https://spinitron.com//KDHX/pl/5379210/Sound-Salvation,Steve Pick,2013-03-15
498,https://spinitron.com//KDHX/pl/5379447/Sound-Salvation,Steve Pick,2013-03-08
499,https://spinitron.com//KDHX/pl/5379687/Sound-Salvation,Steve Pick,2013-03-01
500,https://spinitron.com//KDHX/pl/5379927/Sound-Salvation,Steve Pick,2013-02-22
501,https://spinitron.com//KDHX/pl/5380170/Sound-Salvation,Steve Pick,2013-02-15
502,https://spinitron.com//KDHX/pl/5380398/Sound-Salvation,Steve Pick,2013-02-08
503,https://spinitron.com//KDHX/pl/5380641/Sound-Salvation,Steve Pick,2013-02-01
504,https://spinitron.com//KDHX/pl/5380878/Sound-Salvation,Steve Pick,2013-01-25
505,https://spinitron.com//KDHX/pl/5381124/Sound-Salvation,Steve Pick,2013-01-18
506,https://spinitron.com//KDHX/pl/5381355/Sound-Salvation,Steve Pick,2013-01-11
507,https://spinitron.com//KDHX/pl/5381628/Sound-Salvation,Steve Pick,2013-01-04
508,https://spinitron.com//KDHX/pl/5381856/Sound-Salvation,Steve Pick,2012-12-28
509,https://spinitron.com//KDHX/pl/5382081/Sound-Salvation,Steve Pick,2012-12-21
510,https://spinitron.com//KDHX/pl/5382309/Sound-Salvation,Steve Pick,2012-12-14
511,https://spinitron.com//KDHX/pl/5382552/Sound-Salvation,Steve Pick,2012-12-07
512,https://spinitron.com//KDHX/pl/5382780/Sound-Salvation,Steve Pick,2012-11-30
513,https://spinitron.com//KDHX/pl/5383017/Sound-Salvation,Steve Pick,2012-11-23
514,https://spinitron.com//KDHX/pl/5383248/Sound-Salvation,Steve Pick,2012-11-16
515,https://spinitron.com//KDHX/pl/5383503/Sound-Salvation,Steve Pick,2012-11-09
516,https://spinitron.com//KDHX/pl/5383743/Sound-Salvation,Steve Pick,2012-11-02
517,https://spinitron.com//KDHX/pl/5383965/Sound-Salvation,Steve Pick,2012-10-26
518,https://spinitron.com//KDHX/pl/5384196/Sound-Salvation,Steve Pick,2012-10-19
519,https://spinitron.com//KDHX/pl/5384427/Sound-Salvation,Steve Pick,2012-10-12
520,https://spinitron.com//KDHX/pl/5384607/Sound-Salvation,Steve Pick,2012-10-05
521,https://spinitron.com//KDHX/pl/5384823/Sound-Salvation,Steve Pick,2012-09-28
522,https://spinitron.com//KDHX/pl/5385057/Sound-Salvation,Steve Pick,2012-09-21
523,https://spinitron.com//KDHX/pl/5385297/Sound-Salvation,Steve Pick,2012-09-14
524,https://spinitron.com//KDHX/pl/5385531/Sound-Salvation,Steve Pick,2012-09-07
525,https://spinitron.com//KDHX/pl/5385768/Sound-Salvation,Steve Pick,2012-08-31
526,https://spinitron.com//KDHX/pl/5386008/Sound-Salvation,Steve Pick,2012-08-24
527,https://spinitron.com//KDHX/pl/5386248/Sound-Salvation,Steve Pick,2012-08-17
528,https://spinitron.com//KDHX/pl/5386473/Sound-Salvation,Steve Pick,2012-08-10
529,https://spinitron.com//KDHX/pl/5386716/Sound-Salvation,Steve Pick,2012-08-03
530,https://spinitron.com//KDHX/pl/5386941/Sound-Salvation,Steve Pick,2012-07-27
531,https://spinitron.com//KDHX/pl/5387178/Sound-Salvation,Steve Pick,2012-07-20
532,https://spinitron.com//KDHX/pl/5387409/Sound-Salvation,Steve Pick,2012-07-13
533,https://spinitron.com//KDHX/pl/5387643/Sound-Salvation,Steve Pick,2012-07-06
534,https://spinitron.com//KDHX/pl/5387883/Sound-Salvation,Steve Pick,2012-06-29
535,https://spinitron.com//KDHX/pl/5388126/Sound-Salvation,Steve Pick,2012-06-22
536,https://spinitron.com//KDHX/pl/5388354/Sound-Salvation,Steve Pick,2012-06-15
537,https://spinitron.com//KDHX/pl/5388591/Sound-Salvation,Steve Pick,2012-06-08
538,https://spinitron.com//KDHX/pl/5388822/Sound-Salvation,Steve Pick,2012-06-01
539,https://spinitron.com//KDHX/pl/5389053/Sound-Salvation,Steve Pick,2012-05-25
540,https://spinitron.com//KDHX/pl/5389269/Sound-Salvation,Steve Pick,2012-05-18
541,https://spinitron.com//KDHX/pl/5389515/Sound-Salvation,Steve Pick,2012-05-11
542,https://spinitron.com//KDHX/pl/5389752/Sound-Salvation,Steve Pick,2012-05-04
543,https://spinitron.com//KDHX/pl/5389977/Sound-Salvation,Steve Pick,2012-04-27
544,https://spinitron.com//KDHX/pl/5390223/Sound-Salvation,Steve Pick,2012-04-20
545,https://spinitron.com//KDHX/pl/5390457/Sound-Salvation,Steve Pick,2012-04-13
546,https://spinitron.com//KDHX/pl/5390664/Sound-Salvation,Steve Pick,2012-04-06
547,https://spinitron.com//KDHX/pl/5390844/Sound-Salvation,Steve Pick,2012-03-30
548,https://spinitron.com//KDHX/pl/5391048/Sound-Salvation,Steve Pick,2012-03-23
549,https://spinitron.com//KDHX/pl/5391288/Sound-Salvation,Steve Pick,2012-03-16
550,https://spinitron.com//KDHX/pl/5391534/Sound-Salvation,Steve Pick,2012-03-09
551,https://spinitron.com//KDHX/pl/5391759/Sound-Salvation,Steve Pick,2012-03-02
552,https://spinitron.com//KDHX/pl/5392002/Sound-Salvation,Steve Pick,2012-02-24
553,https://spinitron.com//KDHX/pl/5392233/Sound-Salvation,Steve Pick,2012-02-17
554,https://spinitron.com//KDHX/pl/5392476/Sound-Salvation,Steve Pick,2012-02-10
555,https://spinitron.com//KDHX/pl/5392701/Sound-Salvation,Steve Pick,2012-02-03
556,https://spinitron.com//KDHX/pl/5392947/Sound-Salvation,Steve Pick,2012-01-27
557,https://spinitron.com//KDHX/pl/5393184/Sound-Salvation,Steve Pick,2012-01-20
558,https://spinitron.com//KDHX/pl/5393421/Sound-Salvation,Steve Pick,2012-01-13
559,https://spinitron.com//KDHX/pl/5393664/Sound-Salvation,Steve Pick,2012-01-06
560,https://spinitron.com//KDHX/pl/5393895/Sound-Salvation,Steve Pick,2011-12-30
561,https://spinitron.com//KDHX/pl/5394126/Sound-Salvation,Steve Pick,2011-12-23
562,https://spinitron.com//KDHX/pl/5394366/Sound-Salvation,Steve Pick,2011-12-16
563,https://spinitron.com//KDHX/pl/5394594/Sound-Salvation,Steve Pick,2011-12-09
564,https://spinitron.com//KDHX/pl/5394837/Sound-Salvation,Steve Pick,2011-12-02
565,https://spinitron.com//KDHX/pl/5395074/Sound-Salvation,Steve Pick,2011-11-25
566,https://spinitron.com//KDHX/pl/5395314/Sound-Salvation,Steve Pick,2011-11-18
567,https://spinitron.com//KDHX/pl/5395554/Sound-Salvation,Steve Pick,2011-11-11
568,https://spinitron.com//KDHX/pl/5395779/Sound-Salvation,Steve Pick,2011-11-04
569,https://spinitron.com//KDHX/pl/5396001/Sound-Salvation,Steve Pick,2011-10-28
570,https://spinitron.com//KDHX/pl/5396232/Sound-Salvation,Steve Pick,2011-10-21
571,https://spinitron.com//KDHX/pl/5396442/Sound-Salvation,Steve Pick,2011-10-14
572,https://spinitron.com//KDHX/pl/5396616/Sound-Salvation,Steve Pick,2011-10-07
573,https://spinitron.com//KDHX/pl/5396853/Sound-Salvation,Steve Pick,2011-09-30
574,https://spinitron.com//KDHX/pl/5397096/Sound-Salvation,Steve Pick,2011-09-23
575,https://spinitron.com//KDHX/pl/5397330/Sound-Salvation,Steve Pick,2011-09-16
576,https://spinitron.com//KDHX/pl/5397576/Sound-Salvation,Steve Pick,2011-09-09
577,https://spinitron.com//KDHX/pl/5397801/Sound-Salvation,Steve Pick,2011-09-02
578,https://spinitron.com//KDHX/pl/5398029/Sound-Salvation,Steve Pick,2011-08-26
579,https://spinitron.com//KDHX/pl/5398278/Sound-Salvation,Steve Pick,2011-08-19
580,https://spinitron.com//KDHX/pl/5398506/Sound-Salvation,Steve Pick,2011-08-12
581,https://spinitron.com//KDHX/pl/5398758/Sound-Salvation,Steve Pick,2011-08-05
582,https://spinitron.com//KDHX/pl/5399010/Sound-Salvation,Steve Pick,2011-07-29
583,https://spinitron.com//KDHX/pl/5399238/Sound-Salvation,Steve Pick,2011-07-22
584,https://spinitron.com//KDHX/pl/5399475/Sound-Salvation,Steve Pick,2011-07-15
585,https://spinitron.com//KDHX/pl/5399709/Sound-Salvation,Steve Pick,2011-07-08
586,https://spinitron.com//KDHX/pl/5399934/Sound-Salvation,Steve Pick,2011-07-01
587,https://spinitron.com//KDHX/pl/5400192/Sound-Salvation,Steve Pick,2011-06-24
588,https://spinitron.com//KDHX/pl/5400435/Sound-Salvation,Steve Pick,2011-06-17
589,https://spinitron.com//KDHX/pl/5400672/Sound-Salvation,Steve Pick,2011-06-10
590,https://spinitron.com//KDHX/pl/5400897/Sound-Salvation,Steve Pick,2011-06-03
591,https://spinitron.com//KDHX/pl/5401134/Sound-Salvation,Steve Pick,2011-05-27
592,https://spinitron.com//KDHX/pl/5401380/Sound-Salvation,Steve Pick,2011-05-20
593,https://spinitron.com//KDHX/pl/5401617/Sound-Salvation,Steve Pick,2011-05-13
594,https://spinitron.com//KDHX/pl/5401854/Sound-Salvation,Steve Pick,2011-05-06
595,https://spinitron.com//KDHX/pl/5402082/Sound-Salvation,Steve Pick,2011-04-29
596,https://spinitron.com//KDHX/pl/5402316/Sound-Salvation,Steve Pick,2011-04-22
597,https://spinitron.com//KDHX/pl/5402874/Sound-Salvation,Steve Pick,2011-04-01
598,https://spinitron.com//KDHX/pl/5403111/Sound-Salvation,Steve Pick,2011-03-25
599,https://spinitron.com//KDHX/pl/5403348/Sound-Salvation,Steve Pick,2011-03-18
600,https://spinitron.com//KDHX/pl/5403576/Sound-Salvation,Steve Pick,2011-03-11
601,https://spinitron.com//KDHX/pl/5403807/Sound-Salvation,Steve Pick,2011-03-04
602,https://spinitron.com//KDHX/pl/5404047/Sound-Salvation,Steve Pick,2011-02-25
603,https://spinitron.com//KDHX/pl/5404290/Sound-Salvation,Steve Pick,2011-02-18
604,https://spinitron.com//KDHX/pl/5404548/Sound-Salvation,Steve Pick,2011-02-11
605,https://spinitron.com//KDHX/pl/5404776/Sound-Salvation,Steve Pick,2011-02-04
606,https://spinitron.com//KDHX/pl/5405010/Sound-Salvation,Steve Pick,2011-01-28
607,https://spinitron.com//KDHX/pl/5405247/Sound-Salvation,Steve Pick,2011-01-21
608,https://spinitron.com//KDHX/pl/5405484/Sound-Salvation,Steve Pick,2011-01-14
609,https://spinitron.com//KDHX/pl/5405724/Sound-Salvation,Steve Pick,2011-01-07
610,https://spinitron.com//KDHX/pl/5405970/Sound-Salvation,Steve Pick,2010-12-31
611,https://spinitron.com//KDHX/pl/5406225/Sound-Salvation,Steve Pick,2010-12-24
612,https://spinitron.com//KDHX/pl/5406462/Sound-Salvation,Steve Pick,2010-12-17
613,https://spinitron.com//KDHX/pl/5406696/Sound-Salvation,Steve Pick,2010-12-10
614,https://spinitron.com//KDHX/pl/5406936/Sound-Salvation,Steve Pick,2010-12-03
615,https://spinitron.com//KDHX/pl/5407173/Sound-Salvation,Steve Pick,2010-11-26
616,https://spinitron.com//KDHX/pl/5407416/Sound-Salvation,Steve Pick,2010-11-19
617,https://spinitron.com//KDHX/pl/5407644/Sound-Salvation,Steve Pick,2010-11-12
618,https://spinitron.com//KDHX/pl/5407887/Sound-Salvation,Steve Pick,2010-11-05
619,https://spinitron.com//KDHX/pl/5408118/Sound-Salvation,Steve Pick,2010-10-29
620,https://spinitron.com//KDHX/pl/5408340/Sound-Salvation,Steve Pick,2010-10-22
621,https://spinitron.com//KDHX/pl/5408577/Sound-Salvation,Steve Pick,2010-10-15
622,https://spinitron.com//KDHX/pl/5408853/Sound-Salvation,Steve Pick,2010-10-01
623,https://spinitron.com//KDHX/pl/5409045/Sound-Salvation,Steve Pick,2010-09-24
624,https://spinitron.com//KDHX/pl/5409264/Sound-Salvation,Steve Pick,2010-09-17
625,https://spinitron.com//KDHX/pl/5409504/Sound-Salvation,Steve Pick,2010-09-10
626,https://spinitron.com//KDHX/pl/5409735/Sound-Salvation,Steve Pick,2010-09-03
627,https://spinitron.com//KDHX/pl/5409969/Sound-Salvation,Steve Pick,2010-08-27
628,https://spinitron.com//KDHX/pl/5410206/Sound-Salvation,Steve Pick,2010-08-20
629,https://spinitron.com//KDHX/pl/5410428/Sound-Salvation,Steve Pick,2010-08-13
630,https://spinitron.com//KDHX/pl/5410671/Sound-Salvation,Steve Pick,2010-08-06
631,https://spinitron.com//KDHX/pl/5410893/Sound-Salvation,Steve Pick,2010-07-30
632,https://spinitron.com//KDHX/pl/5408340/Sound-Salvation,Steve Pick,2010-10-22
633,https://spinitron.com//KDHX/pl/5408577/Sound-Salvation,Steve Pick,2010-10-15
634,https://spinitron.com//KDHX/pl/5408853/Sound-Salvation,Steve Pick,2010-10-01
635,https://spinitron.com//KDHX/pl/5409045/Sound-Salvation,Steve Pick,2010-09-24
636,https://spinitron.com//KDHX/pl/5409264/Sound-Salvation,Steve Pick,2010-09-17
637,https://spinitron.com//KDHX/pl/5409504/Sound-Salvation,Steve Pick,2010-09-10
638,https://spinitron.com//KDHX/pl/5409735/Sound-Salvation,Steve Pick,2010-09-03
639,https://spinitron.com//KDHX/pl/5409969/Sound-Salvation,Steve Pick,2010-08-27
640,https://spinitron.com//KDHX/pl/5410206/Sound-Salvation,Steve Pick,2010-08-20
641,https://spinitron.com//KDHX/pl/5410428/Sound-Salvation,Steve Pick,2010-08-13
642,https://spinitron.com//KDHX/pl/5410671/Sound-Salvation,Steve Pick,2010-08-06
643,https://spinitron.com//KDHX/pl/5410893/Sound-Salvation,Steve Pick,2010-07-30
644,https://spinitron.com//KDHX/pl/5408340/Sound-Salvation,Steve Pick,2010-10-22
645,https://spinitron.com//KDHX/pl/5408577/Sound-Salvation,Steve Pick,2010-10-15
646,https://spinitron.com//KDHX/pl/5408853/Sound-Salvation,Steve Pick,2010-10-01
647,https://spinitron.com//KDHX/pl/5409045/Sound-Salvation,Steve Pick,2010-09-24
648,https://spinitron.com//KDHX/pl/5409264/Sound-Salvation,Steve Pick,2010-09-17
649,https://spinitron.com//KDHX/pl/5409504/Sound-Salvation,Steve Pick,2010-09-10
650,https://spinitron.com//KDHX/pl/5409735/Sound-Salvation,Steve Pick,2010-09-03
651,https://spinitron.com//KDHX/pl/5409969/Sound-Salvation,Steve Pick,2010-08-27
652,https://spinitron.com//KDHX/pl/5410206/Sound-Salvation,Steve Pick,2010-08-20
653,https://spinitron.com//KDHX/pl/5410428/Sound-Salvation,Steve Pick,2010-08-13
654,https://spinitron.com//KDHX/pl/5410671/Sound-Salvation,Steve Pick,2010-08-06
655,https://spinitron.com//KDHX/pl/5410893/Sound-Salvation,Steve Pick,2010-07-30
